rank,symbol,composite_score,conviction,tags,strategy_momentum_persistence,strategy_relative_strength,strategy_smart_money_accumulation,strategy_confluence_scoring,strategy_full_confluence,strategy_volume_leaders,strategy_transaction_activity,strategy_breakout_confirmation,strategy_volume_surge,strategy_risk-reward_quality
1,HDL,65.7,STRONG,STRONG | INSTITUTIONAL BUYING | CONFLUENT | ULTRA CONFLUENT | VOLUME LEADER | HIGH ACTIVITY | BREAKOUT | GOOD R:R,13.4,14.3,80.0,100,100,78.0,85.0,64.2,45,72.5
2,HURJA,63.9,STRONG,STRONG | INSTITUTIONAL BUYING | CONFLUENT | ULTRA CONFLUENT | VOLUME LEADER | BREAKOUT | GOOD R:R,34.4,27.0,65.0,100,94,70.0,39.9,64.5,45.4,87.5
3,SBL,63.8,STRONG,STRONG | INSTITUTIONAL BUYING | CONFLUENT | ULTRA CONFLUENT | VOLUME LEADER | HIGH ACTIVITY | GOOD R:R,12.2,13.9,87.5,100,100,85.0,82.4,48.7,27.5,72.5
4,LSL,61.8,STRONG,STRONG | INSTITUTIONAL BUYING | CONFLUENT | ULTRA CONFLUENT | VOLUME LEADER | GOOD R:R,12.1,13.7,87.5,100,100,97.0,59.9,45.0,16.1,72.5
5,LEC,61.7,STRONG,STRONG | INSTITUTIONAL BUYING | CONFLUENT | ULTRA CONFLUENT | VOLUME LEADER | HIGH ACTIVITY,11.9,13.6,90.0,100,100,100.0,82.0,38.8,14.0,47.5
6,TAMOR,61.4,STRONG,STRONG | INSTITUTIONAL BUYING | CONFLUENT | ULTRA CONFLUENT | VOLUME LEADER | HIGH ACTIVITY,12.2,13.8,90.0,100,100,100.0,69.6,44.4,15.0,47.5
7,KBL,61.0,STRONG,STRONG | INSTITUTIONAL BUYING | CONFLUENT | ULTRA CONFLUENT | VOLUME LEADER | HIGH ACTIVITY,12.2,13.9,82.5,100,100,100.0,73.0,44.3,16.5,47.5
8,GHL,60.8,STRONG,STRONG | INSTITUTIONAL BUYING | CONFLUENT | ULTRA CONFLUENT | VOLUME LEADER | HIGH ACTIVITY,12.7,14.1,82.5,100,100,94.0,78.7,40.3,18.6,47.5
9,SHIVM,60.2,STRONG,STRONG | INSTITUTIONAL BUYING | CONFLUENT | ULTRA CONFLUENT | VOLUME LEADER | HIGH ACTIVITY,0.0,0,90.0,100,85,94.0,91.5,50.6,39.7,47.5
10,HDHPC,58.6,STRONG,STRONG | INSTITUTIONAL BUYING | CONFLUENT | ULTRA CONFLUENT | VOLUME LEADER | HIGH ACTIVITY,13.0,14.4,75.0,100,100,94.0,67.0,43.1,8.9,47.5
11,HATHY,58.1,STRONG,STRONG | INSTITUTIONAL BUYING | CONFLUENT | ULTRA CONFLUENT | VOLUME LEADER | HIGH ACTIVITY,13.8,14.3,77.5,100,85,82.0,85.0,33.7,30,47.5
12,API,57.5,STRONG,STRONG | INSTITUTIONAL BUYING | CONFLUENT | ULTRA CONFLUENT | VOLUME LEADER | HIGH ACTIVITY | GOOD R:R,0.0,0,85.0,100,85,100.0,70.6,45.0,14.5,72.5
13,SSHL,57.5,STRONG,STRONG | INSTITUTIONAL BUYING | CONFLUENT | ULTRA CONFLUENT | VOLUME LEADER | HIGH ACTIVITY | GOOD R:R,14.6,14.4,65.0,100,100,70.0,62.7,45.0,14.6,72.5
14,PHCL,55.5,STRONG,STRONG | INSTITUTIONAL BUYING | CONFLUENT | ULTRA CONFLUENT | VOLUME LEADER,13.5,14.0,65.0,100,94,85.0,55.4,45.0,11.5,47.5
15,SOHL,55.3,STRONG,STRONG | INSTITUTIONAL BUYING | CONFLUENT | ULTRA CONFLUENT | VOLUME LEADER | HIGH ACTIVITY,0.0,0,87.5,100,85,66.3,97.8,40.4,20.1,47.5
16,SINDU,54.8,MODERATE,MODERATE | MOMENTUM LEADER | CONFLUENT | ULTRA CONFLUENT | BREAKOUT,67.0,28.9,52.5,74,75,28.8,46.8,70.0,30.1,57.4
17,GBIME,53.8,MODERATE,MODERATE | INSTITUTIONAL BUYING | CONFLUENT | ULTRA CONFLUENT | VOLUME LEADER | HIGH ACTIVITY | GOOD R:R,0.0,0,67.5,100,85,82.0,66.7,42.8,16.6,72.5
18,AKJCL,53.6,MODERATE,MODERATE | INSTITUTIONAL BUYING | CONFLUENT | ULTRA CONFLUENT | VOLUME LEADER | HIGH ACTIVITY,0.0,0,87.5,100,85,82.0,64.0,42.2,12.1,47.5
19,RSML,53.2,MODERATE,MODERATE | INSTITUTIONAL BUYING | CONFLUENT | ULTRA CONFLUENT | HIGH ACTIVITY | GOOD R:R,26.4,13.1,90.0,100,85,0,65.3,48.8,15.1,72.5
20,RIDI,52.9,MODERATE,MODERATE | INSTITUTIONAL BUYING | CONFLUENT | ULTRA CONFLUENT | VOLUME LEADER,0.0,0,85.0,100,85,97.0,47.0,42.8,5.6,47.5
21,NBL,52.6,MODERATE,MODERATE | INSTITUTIONAL BUYING | CONFLUENT | ULTRA CONFLUENT | VOLUME LEADER | GOOD R:R,0.0,0,77.5,100,85,88.0,33.0,43.6,15.1,72.5
22,SONA,48.2,MODERATE,MODERATE | INSTITUTIONAL BUYING | CONFLUENT | ULTRA CONFLUENT | VOLUME LEADER | HIGH ACTIVITY,22.5,15.2,65.0,74,75,67.0,67.0,42.3,4.7,32.5
23,BHL,48.1,MODERATE,MODERATE | INSTITUTIONAL BUYING | CONFLUENT | ULTRA CONFLUENT | BREAKOUT | GOOD R:R,0.0,0,65.0,84,60,52.0,51.8,64.5,40,72.5
24,SNORL,48.0,MODERATE,MODERATE | MOMENTUM LEADER | CONFLUENT | ULTRA CONFLUENT | GOOD R:R,69.1,46.0,0,100,79,0,28.8,36.5,23.6,62.5
25,GBBL,46.2,MODERATE,MODERATE | INSTITUTIONAL BUYING | CONFLUENT | ULTRA CONFLUENT,0.0,0,75.0,100,75,59.6,25.8,44.3,13.8,47.5
26,SANIMA,45.7,MODERATE,MODERATE | INSTITUTIONAL BUYING | CONFLUENT | ULTRA CONFLUENT | VOLUME LEADER,0.0,0,75.0,100,75,63.0,25.3,44.2,5.0,47.5
27,HLICF,45.5,MODERATE,MODERATE | CONFLUENT | ULTRA CONFLUENT | VOLUME LEADER | GOOD R:R,40.8,26.4,0,84,60,67.0,0,54.8,27.5,87.5
28,DLBS,44.9,MODERATE,MODERATE | MOMENTUM LEADER | CONFLUENT | ULTRA CONFLUENT | BREAKOUT | GOOD R:R,78.0,28.3,0,100,69,0,0,70.0,0,67.5
29,MSHL,44.6,MODERATE,MODERATE | MOMENTUM LEADER | CONFLUENT | ULTRA CONFLUENT | GOOD R:R,72.3,35.3,0,100,69,0,0,52.9,0,87.5
30,BHCL,43.5,MODERATE,MODERATE | CONFLUENT | ULTRA CONFLUENT | GOOD R:R,43.4,26.6,0,84,60,0,50.4,57.9,24.3,87.5
31,SAPIL,43.5,MODERATE,MODERATE | INSTITUTIONAL BUYING | ULTRA CONFLUENT | HIGH ACTIVITY | GOOD R:R,27.8,27.7,65.0,44,70,0,82.1,33.7,17.4,72.5
32,PCBL,43.2,MODERATE,MODERATE | VOLUME LEADER | GOOD R:R,27.2,13.0,52.5,22,55,78.0,41.6,58.6,29.7,72.5
33,KKHC,42.9,MODERATE,MODERATE | INSTITUTIONAL BUYING | ULTRA CONFLUENT | VOLUME LEADER,13.9,13.6,65.0,59,75,63.0,27.6,39.2,10.6,47.5
34,USLB,42.8,MODERATE,MODERATE | MOMENTUM LEADER | CONFLUENT | ULTRA CONFLUENT | GOOD R:R,60.3,26.0,0,100,69,0,0,59.0,0,87.5
35,RHGCL,42.5,MODERATE,MODERATE | MOMENTUM LEADER | CONFLUENT | ULTRA CONFLUENT | GOOD R:R,61.6,25.0,0,100,69,0,0,55.4,0,87.5
36,MEHL,42.5,MODERATE,MODERATE | MOMENTUM LEADER | CONFLUENT | ULTRA CONFLUENT | GOOD R:R,61.2,24.9,0,100,69,0,0,55.6,0,87.5
37,NRN,42.4,MODERATE,MODERATE | INSTITUTIONAL BUYING | CONFLUENT | ULTRA CONFLUENT,0.0,0,90.0,84,60,40.8,37.6,43.0,10.0,47.5
38,AHL,42.1,MODERATE,MODERATE | MOMENTUM LEADER | CONFLUENT | ULTRA CONFLUENT | GOOD R:R,60.3,24.8,0,100,69,0,0,53.2,0,87.5
39,NHPC,41.9,MODERATE,MODERATE | INSTITUTIONAL BUYING | CONFLUENT | ULTRA CONFLUENT | VOLUME LEADER,0.0,0,65.0,84,60,76.0,27.1,40.3,7.9,47.5
40,ULHC,41.4,MODERATE,MODERATE | CONFLUENT | ULTRA CONFLUENT | GOOD R:R,55.1,24.3,0,100,69,0,0,53.2,0,87.5
41,TVCL,40.5,MODERATE,MODERATE | MOMENTUM LEADER | CONFLUENT | ULTRA CONFLUENT | GOOD R:R,63.3,25.2,0,100,69,0,0,48.2,0,62.5
42,EBLD85,40.3,MODERATE,MODERATE | CONFLUENT | ULTRA CONFLUENT | GOOD R:R,57.2,24.6,0,100,69,0,0,47.4,0,72.5
43,BNL,40.1,MODERATE,MODERATE | CONFLUENT | ULTRA CONFLUENT | GOOD R:R,57.6,24.6,0,100,69,0,0,52.2,0,62.5
44,GLH,39.2,WATCH,WATCH | CONFLUENT | ULTRA CONFLUENT,16.4,13.8,0,84,60,52.0,37.8,49.5,13.0,57.5
45,NBF3,38.7,WATCH,WATCH | CONFLUENT | ULTRA CONFLUENT,54.8,31.7,0,100,69,0,0,42.0,0,47.5
46,NIBLGF,38.7,WATCH,WATCH | CONFLUENT | VOLUME LEADER | GOOD R:R,31.7,26.4,0,74,50,63.0,0,49.8,11.4,72.5
47,LSD92,36.9,WATCH,WATCH | BREAKOUT,56.0,16.1,52.5,22,50,0,44.0,80.0,0,45.5
48,ILBS,36.7,WATCH,WATCH | MOMENTUM LEADER | CONFLUENT | BREAKOUT | GOOD R:R,61.4,28.3,0,74,50,0,0,70.0,0,61.1
49,MPFL,36.4,WATCH,WATCH | CONFLUENT | BREAKOUT | GOOD R:R,59.4,27.9,0,74,50,0,0,70.0,0,61.3
50,MKJC,36.3,WATCH,WATCH | CONFLUENT | BREAKOUT | GOOD R:R,58.7,28.1,0,74,50,0,0,61.9,0,72.5
