trading_day,rank,symbol,security_name,security_id,closing_price,turnover_npr
2026-10-07,20,SONA,Sonapur Minerals And Oil Limited,9216,415.0,38724707.4
2026-10-07,19,BHCL,Bikash Hydropower Company Limited,9267,517.0,44803528.7
2026-10-07,18,BPCL,Butwal Power Company Limited,153,659.9,44819305.9
2026-10-07,17,SYPNL,SY Panel Nepal Limited,9303,1333.0,48872226.4
2026-10-07,16,RIDI,Ridi Power Company Limited,610,336.0,49298000.8
2026-10-07,15,HDHPC,Himal Dolakha Hydropower Company Limited,2880,223.0,49416210.5
2026-10-07,14,SBL,Siddhartha Bank Limited,145,398.4,53302308.0
2026-10-07,13,AKJCL,Ankhu Khola Jalvidhyut Company Ltd,2788,353.0,59856811.4
2026-10-07,12,SHIVM,SHIVAM CEMENTS LTD,2809,671.0,63049253.6
2026-10-07,11,KBL,Kumari Bank Limited,142,226.1,63960535.0
2026-10-07,10,API,Api Power Company Ltd.,697,337.0,67035814.3
2026-10-07,9,CFCL,Central Finance Co. Ltd.,245,574.9,74547053.7
2026-10-07,8,HDL,Himalayan Distillery Limited,235,1261.2,88383622.5
2026-10-07,7,LSL,Laxmi Sunrise Bank Limited,141,256.0,89157990.2
2026-10-07,6,HPPL,Himalayan Power Partner Ltd.,2767,392.0,93408893.8
2026-10-07,5,TAMOR,Sanima Middle Tamor Hydropower Limited,9156,549.9,139663216.9
2026-10-07,4,LEC,Liberty Energy Company Limited,2903,257.0,161815187.6
2026-10-07,3,PHCL,Peoples Hydropower Company Limited,8133,344.0,162938089.9
2026-10-07,2,RSML,Reliance Spinning Mills Limited,9306,2686.0,293626690.7
2026-10-07,1,GHL,Ghalemdi Hydro Limited,2806,294.9,322112534.3
2026-10-06,20,NABIL,Nabil Bank Limited,131,531.0,28578508.4
2026-10-06,19,SYPNL,SY Panel Nepal Limited,9303,1338.0,30044726.8
2026-10-06,18,NHPC,National Hydro Power Company Limited,152,257.3,30052455.5
2026-10-06,17,NRN,NRN Infrastructure and Development Limited,2898,1371.0,35331843.0
2026-10-06,16,PCBL,Prime Commercial Bank Ltd.,357,260.8,47114134.4
2026-10-06,15,SBL,Siddhartha Bank Limited,145,400.0,49204525.5
2026-10-06,14,SONA,Sonapur Minerals And Oil Limited,9216,419.0,51426603.1
2026-10-06,13,API,Api Power Company Ltd.,697,335.8,55100336.1
2026-10-06,12,SOHL,Solu Hydropower Limited,9311,625.0,63321910.1
2026-10-06,11,SHIVM,SHIVAM CEMENTS LTD,2809,677.1,63930364.6
2026-10-06,10,KBL,Kumari Bank Limited,142,225.9,65063726.9
2026-10-06,9,RIDI,Ridi Power Company Limited,610,337.5,66135177.5
2026-10-06,8,HDL,Himalayan Distillery Limited,235,1271.0,67731132.2
2026-10-06,7,AKJCL,Ankhu Khola Jalvidhyut Company Ltd,2788,351.0,68444790.2
2026-10-06,6,HATHY,Hathway Investment Nepal Limited,9213,437.5,74355735.8
2026-10-06,5,PHCL,Peoples Hydropower Company Limited,8133,338.0,81230487.7
2026-10-06,4,LSL,Laxmi Sunrise Bank Limited,141,256.6,87907939.8
2026-10-06,3,HDHPC,Himal Dolakha Hydropower Company Limited,2880,222.9,97526763.0
2026-10-06,2,LEC,Liberty Energy Company Limited,2903,251.5,139152268.3
2026-10-06,1,GHL,Ghalemdi Hydro Limited,2806,278.6,239182455.6
2026-10-05,20,CHDC,CEDB Holdings Limited,3946,2324.9,41740609.3
2026-10-05,19,API,Api Power Company Ltd.,697,334.5,42304682.5
2026-10-05,18,LSD92,7% Laxmi Sunrise Debenture 2092,9355,1165.0,42432382.1
2026-10-05,17,HDHPC,Himal Dolakha Hydropower Company Limited,2880,219.5,42625228.6
2026-10-05,16,LEC,Liberty Energy Company Limited,2903,243.0,43402475.4
2026-10-05,15,LSL,Laxmi Sunrise Bank Limited,141,252.9,43548094.8
2026-10-05,14,NRN,NRN Infrastructure and Development Limited,2898,1353.0,43668672.0
2026-10-05,13,SBL,Siddhartha Bank Limited,145,398.6,43851482.1
2026-10-05,12,TAMOR,Sanima Middle Tamor Hydropower Limited,9156,528.0,48730575.6
2026-10-05,11,KBL,Kumari Bank Limited,142,222.8,48992176.2
2026-10-05,10,RSML,Reliance Spinning Mills Limited,9306,2681.0,55764575.3
2026-10-05,9,SYPNL,SY Panel Nepal Limited,9303,1334.1,57104558.2
2026-10-05,8,RIDI,Ridi Power Company Limited,610,334.0,57147653.0
2026-10-05,7,SOHL,Solu Hydropower Limited,9311,616.0,63933626.8
2026-10-05,6,AKJCL,Ankhu Khola Jalvidhyut Company Ltd,2788,350.6,64637636.8
2026-10-05,5,PHCL,Peoples Hydropower Company Limited,8133,329.9,73295545.3
2026-10-05,4,HDL,Himalayan Distillery Limited,235,1282.0,76934527.3
2026-10-05,3,SHIVM,SHIVAM CEMENTS LTD,2809,672.0,84392261.8
2026-10-05,2,HATHY,Hathway Investment Nepal Limited,9213,422.1,84901572.2
2026-10-05,1,GHL,Ghalemdi Hydro Limited,2806,275.0,228677374.9
2026-10-02,20,HDHPC,Himal Dolakha Hydropower Company Limited,2880,220.0,51788327.1
2026-10-02,19,SONA,Sonapur Minerals And Oil Limited,9216,418.9,51890317.0
2026-10-02,18,HPPL,Himalayan Power Partner Ltd.,2767,380.9,58971373.6
2026-10-02,17,RIDI,Ridi Power Company Limited,610,335.9,62136790.3
2026-10-02,16,BHCL,Bikash Hydropower Company Limited,9267,561.0,62724344.5
2026-10-02,15,TAMOR,Sanima Middle Tamor Hydropower Limited,9156,530.0,66960769.2
2026-10-02,14,SYPNL,SY Panel Nepal Limited,9303,1341.0,72162059.4
2026-10-02,13,SHIVM,SHIVAM CEMENTS LTD,2809,681.0,72699095.9
2026-10-02,12,SBL,Siddhartha Bank Limited,145,408.0,84883487.8
2026-10-02,11,API,Api Power Company Ltd.,697,338.8,89001544.5
2026-10-02,10,HATHY,Hathway Investment Nepal Limited,9213,440.0,96348629.0
2026-10-02,9,LSL,Laxmi Sunrise Bank Limited,141,254.6,105523649.1
2026-10-02,8,LEC,Liberty Energy Company Limited,2903,245.0,107884177.1
2026-10-02,7,PHCL,Peoples Hydropower Company Limited,8133,332.0,115318201.2
2026-10-02,6,KBL,Kumari Bank Limited,142,225.5,118371154.3
2026-10-02,5,HDL,Himalayan Distillery Limited,235,1293.0,132095125.8
2026-10-02,4,GHL,Ghalemdi Hydro Limited,2806,269.0,139270360.2
2026-10-02,3,AKJCL,Ankhu Khola Jalvidhyut Company Ltd,2788,356.0,148410357.8
2026-10-02,2,RSML,Reliance Spinning Mills Limited,9306,2708.0,155358899.9
2026-10-02,1,SBLD89,10.75% SBL Debenture 2089,8098,1360.0,265344473.0
2026-10-01,20,SAPIL,Sarvottam Paints Industries Limited,9353,1279.0,52655040.7
2026-10-01,19,RADHI,Radhi Bidyut Company Ltd,2776,712.9,53819025.4
2026-10-01,18,HURJA,Himalaya Urja Bikas Company Limited,2824,260.0,59250726.6
2026-10-01,17,SONA,Sonapur Minerals And Oil Limited,9216,420.0,66617898.6
2026-10-01,16,ENL,Emerging Nepal Limited,8034,517.0,78118997.4
2026-10-01,15,AKJCL,Ankhu Khola Jalvidhyut Company Ltd,2788,353.7,82437733.0
2026-10-01,14,SOHL,Solu Hydropower Limited,9311,630.0,87014710.8
2026-10-01,13,SHIVM,SHIVAM CEMENTS LTD,2809,685.0,91965928.3
2026-10-01,12,LEC,Liberty Energy Company Limited,2903,252.3,95511900.4
2026-10-01,11,HDL,Himalayan Distillery Limited,235,1286.0,101714366.3
2026-10-01,10,HDHPC,Himal Dolakha Hydropower Company Limited,2880,223.5,108169615.8
2026-10-01,9,LSL,Laxmi Sunrise Bank Limited,141,258.0,129427934.3
2026-10-01,8,LSD92,7% Laxmi Sunrise Debenture 2092,9355,1130.0,130432172.8
2026-10-01,7,SYPNL,SY Panel Nepal Limited,9303,1374.0,142219094.4
2026-10-01,6,PHCL,Peoples Hydropower Company Limited,8133,340.5,145869254.0
2026-10-01,5,RSML,Reliance Spinning Mills Limited,9306,2739.9,147977697.6
2026-10-01,4,GHL,Ghalemdi Hydro Limited,2806,273.6,185144684.8
2026-10-01,3,HATHY,Hathway Investment Nepal Limited,9213,455.0,219612961.1
2026-10-01,2,API,Api Power Company Ltd.,697,341.0,228171612.0
2026-10-01,1,SBL,Siddhartha Bank Limited,145,459.9,305335453.3
2026-09-30,20,HDHPC,Himal Dolakha Hydropower Company Limited,2880,218.0,52488418.8
2026-09-30,19,KKHC,Khanikhola Hydropower Co. Ltd.,2751,270.2,56052747.1
2026-09-30,18,BHCL,Bikash Hydropower Company Limited,9267,570.0,61099304.5
2026-09-30,17,MEN,Mountain Energy Nepal Limited,2913,636.0,66181254.7
2026-09-30,16,API,Api Power Company Ltd.,697,335.0,67784053.6
2026-09-30,15,SONA,Sonapur Minerals And Oil Limited,9216,420.0,78446802.1
2026-09-30,14,SOHL,Solu Hydropower Limited,9311,638.0,79467624.6
2026-09-30,13,RSML,Reliance Spinning Mills Limited,9306,2738.9,95378832.8
2026-09-30,12,RIDI,Ridi Power Company Limited,610,339.0,98405991.6
2026-09-30,11,HATHY,Hathway Investment Nepal Limited,9213,429.0,101344601.4
2026-09-30,10,SYPNL,SY Panel Nepal Limited,9303,1350.0,109131156.9
2026-09-30,9,LSL,Laxmi Sunrise Bank Limited,141,253.5,116630247.6
2026-09-30,8,SHPC,Sanima Mai Hydropower Ltd.,591,529.6,133202522.5
2026-09-30,7,HDL,Himalayan Distillery Limited,235,1292.0,137233180.2
2026-09-30,6,LEC,Liberty Energy Company Limited,2903,252.8,138344347.4
2026-09-30,5,SBL,Siddhartha Bank Limited,145,455.4,148763916.7
2026-09-30,4,SHIVM,SHIVAM CEMENTS LTD,2809,684.5,152829204.5
2026-09-30,3,MFILPO,Manjushree Finance Ltd. Promoter Share,730,335.0,187207365.0
2026-09-30,2,PHCL,Peoples Hydropower Company Limited,8133,333.8,228399629.3
2026-09-30,1,GHL,Ghalemdi Hydro Limited,2806,271.5,394886774.9
2026-09-29,20,PCBL,Prime Commercial Bank Ltd.,357,260.0,58456912.8
2026-09-29,19,AKJCL,Ankhu Khola Jalvidhyut Company Ltd,2788,350.7,59385055.8
2026-09-29,18,ENL,Emerging Nepal Limited,8034,483.0,59576714.5
2026-09-29,17,CHDC,CEDB Holdings Limited,3946,2385.0,59731473.1
2026-09-29,16,RIDI,Ridi Power Company Limited,610,340.5,61201335.5
2026-09-29,15,GHL,Ghalemdi Hydro Limited,2806,253.0,61872794.8
2026-09-29,14,PHCL,Peoples Hydropower Company Limited,8133,320.1,68769660.0
2026-09-29,13,NABIL,Nabil Bank Limited,131,566.0,70423999.2
2026-09-29,12,LSD92,7% Laxmi Sunrise Debenture 2092,9355,1120.1,70514580.0
2026-09-29,11,TAMOR,Sanima Middle Tamor Hydropower Limited,9156,533.9,83036924.2
2026-09-29,10,PBD93,"6.25% Prime Bank Debenture, 2093",9354,1130.0,89100503.7
2026-09-29,9,LSL,Laxmi Sunrise Bank Limited,141,252.2,118942652.4
2026-09-29,8,MFILPO,Manjushree Finance Ltd. Promoter Share,730,376.0,120089925.0
2026-09-29,7,MEN,Mountain Energy Nepal Limited,2913,645.0,122270869.0
2026-09-29,6,RSML,Reliance Spinning Mills Limited,9306,2785.0,132152081.3
2026-09-29,5,HATHY,Hathway Investment Nepal Limited,9213,419.0,134072381.6
2026-09-29,4,GBBL,Garima Bikas Bank Limited,417,456.0,150195093.8
2026-09-29,3,SBL,Siddhartha Bank Limited,145,457.4,165857714.7
2026-09-29,2,SHIVM,SHIVAM CEMENTS LTD,2809,690.1,172579578.7
2026-09-29,1,HDL,Himalayan Distillery Limited,235,1297.0,229960835.9
2026-09-28,20,NRN,NRN Infrastructure and Development Limited,2898,1397.0,66484043.8
2026-09-28,19,SBLPO,Siddhartha Bank Limited Promoter Share,449,250.0,68184250.0
2026-09-28,18,KBL,Kumari Bank Limited,142,224.9,73635258.1
2026-09-28,17,LEC,Liberty Energy Company Limited,2903,244.2,78519089.8
2026-09-28,16,TAMOR,Sanima Middle Tamor Hydropower Limited,9156,531.8,81032541.4
2026-09-28,15,CHDC,CEDB Holdings Limited,3946,2420.0,82191643.4
2026-09-28,14,SOHL,Solu Hydropower Limited,9311,637.8,86154271.2
2026-09-28,13,SONA,Sonapur Minerals And Oil Limited,9216,427.0,87644629.9
2026-09-28,12,LSD92,7% Laxmi Sunrise Debenture 2092,9355,1100.0,90801254.6
2026-09-28,11,GHL,Ghalemdi Hydro Limited,2806,249.0,92341936.3
2026-09-28,10,SHINE,Shine Resunga Development Bank Ltd.,473,428.9,92452158.7
2026-09-28,9,NBL,Nepal Bank Limited,517,294.0,95435922.0
2026-09-28,8,LSL,Laxmi Sunrise Bank Limited,141,250.9,96348946.7
2026-09-28,7,PCBL,Prime Commercial Bank Ltd.,357,260.0,109089631.4
2026-09-28,6,RSML,Reliance Spinning Mills Limited,9306,2789.0,111676530.6
2026-09-28,5,SYPNL,SY Panel Nepal Limited,9303,1333.0,118167727.5
2026-09-28,4,SBL,Siddhartha Bank Limited,145,457.7,123794755.7
2026-09-28,3,HATHY,Hathway Investment Nepal Limited,9213,405.0,199884109.1
2026-09-28,2,SHIVM,SHIVAM CEMENTS LTD,2809,695.1,297884188.1
2026-09-28,1,HDL,Himalayan Distillery Limited,235,1323.0,358216495.3
2026-09-24,20,PCIL,Palpa Cement Industries Limited,9330,633.0,70490136.4
2026-09-24,19,GCIL,Ghorahi Cement Industry Limited,9193,401.3,73358755.8
2026-09-24,18,NRN,NRN Infrastructure and Development Limited,2898,1415.0,73791996.9
2026-09-24,17,API,Api Power Company Ltd.,697,334.8,74215213.1
2026-09-24,16,GHL,Ghalemdi Hydro Limited,2806,253.7,74359839.5
2026-09-24,15,RIDI,Ridi Power Company Limited,610,343.0,75123617.4
2026-09-24,14,RADHI,Radhi Bidyut Company Ltd,2776,721.7,77651207.7
2026-09-24,13,SBL,Siddhartha Bank Limited,145,456.8,80327678.1
2026-09-24,12,AKJCL,Ankhu Khola Jalvidhyut Company Ltd,2788,358.0,80919663.8
2026-09-24,11,LEC,Liberty Energy Company Limited,2903,254.8,82783588.8
2026-09-24,10,KBL,Kumari Bank Limited,142,226.0,83332212.4
2026-09-24,9,NBL,Nepal Bank Limited,517,292.0,92217218.0
2026-09-24,8,HATHY,Hathway Investment Nepal Limited,9213,452.9,119263596.2
2026-09-24,7,LSL,Laxmi Sunrise Bank Limited,141,250.0,137754858.1
2026-09-24,6,NABILP,NABIL Bank Limited Promotor Share,282,310.0,156372680.0
2026-09-24,5,SONA,Sonapur Minerals And Oil Limited,9216,434.9,183698370.1
2026-09-24,4,RSML,Reliance Spinning Mills Limited,9306,2754.0,221456573.4
2026-09-24,3,TAMOR,Sanima Middle Tamor Hydropower Limited,9156,533.8,243539728.7
2026-09-24,2,HDL,Himalayan Distillery Limited,235,1312.0,351666185.0
2026-09-24,1,SHIVM,SHIVAM CEMENTS LTD,2809,702.0,358109181.4
2026-09-23,20,KKHC,Khanikhola Hydropower Co. Ltd.,2751,275.0,76782265.1
2026-09-23,19,API,Api Power Company Ltd.,697,334.0,78329551.6
2026-09-23,18,SHPC,Sanima Mai Hydropower Ltd.,591,529.9,81850447.2
2026-09-23,17,HATHY,Hathway Investment Nepal Limited,9213,469.0,84115638.2
2026-09-23,16,RIDI,Ridi Power Company Limited,610,344.6,87419506.9
2026-09-23,15,CHDC,CEDB Holdings Limited,3946,2388.0,92881496.0
2026-09-23,14,SBL,Siddhartha Bank Limited,145,457.0,98647036.7
2026-09-23,13,NRN,NRN Infrastructure and Development Limited,2898,1416.2,115811268.4
2026-09-23,12,KBL,Kumari Bank Limited,142,225.0,124091597.4
2026-09-23,11,SOHL,Solu Hydropower Limited,9311,643.1,127173291.0
2026-09-23,10,TAMOR,Sanima Middle Tamor Hydropower Limited,9156,534.0,130958753.2
2026-09-23,9,LEC,Liberty Energy Company Limited,2903,254.0,131701276.6
2026-09-23,8,RADHI,Radhi Bidyut Company Ltd,2776,717.0,133356071.4
2026-09-23,7,SADBL,Shangrila Development Bank Ltd.,472,428.0,161098938.9
2026-09-23,6,GHL,Ghalemdi Hydro Limited,2806,257.0,171588595.9
2026-09-23,5,AKJCL,Ankhu Khola Jalvidhyut Company Ltd,2788,358.0,172978748.2
2026-09-23,4,LSL,Laxmi Sunrise Bank Limited,141,245.9,188492268.6
2026-09-23,3,HDL,Himalayan Distillery Limited,235,1278.3,205417048.7
2026-09-23,2,RSML,Reliance Spinning Mills Limited,9306,2722.9,212561553.5
2026-09-23,1,SHIVM,SHIVAM CEMENTS LTD,2809,687.0,383446856.3
2026-09-22,20,NHPC,National Hydro Power Company Limited,152,274.0,87573783.0
2026-09-22,19,MEN,Mountain Energy Nepal Limited,2913,657.0,94781977.3
2026-09-22,18,SAHAS,Sahas Urja Limited,8021,697.0,96739304.9
2026-09-22,17,NBL,Nepal Bank Limited,517,297.0,104842034.2
2026-09-22,16,HDHPC,Himal Dolakha Hydropower Company Limited,2880,226.0,110276022.1
2026-09-22,15,RIDI,Ridi Power Company Limited,610,349.7,112520746.8
2026-09-22,14,RSML,Reliance Spinning Mills Limited,9306,2699.0,112838364.5
2026-09-22,13,GBIME,Global IME Bank Limited,341,247.5,113005565.3
2026-09-22,12,SHIVM,SHIVAM CEMENTS LTD,2809,684.1,127717266.7
2026-09-22,11,AKJCL,Ankhu Khola Jalvidhyut Company Ltd,2788,364.8,138373955.7
2026-09-22,10,SOHL,Solu Hydropower Limited,9311,657.9,141510295.1
2026-09-22,9,SBL,Siddhartha Bank Limited,145,458.0,152142701.6
2026-09-22,8,NRN,NRN Infrastructure and Development Limited,2898,1448.0,157745628.3
2026-09-22,7,LSL,Laxmi Sunrise Bank Limited,141,250.0,173751136.8
2026-09-22,6,TAMOR,Sanima Middle Tamor Hydropower Limited,9156,533.0,174742604.6
2026-09-22,5,KBL,Kumari Bank Limited,142,228.0,182767383.4
2026-09-22,4,LEC,Liberty Energy Company Limited,2903,260.0,199928211.9
2026-09-22,3,GHL,Ghalemdi Hydro Limited,2806,254.2,221528757.8
2026-09-22,2,HDL,Himalayan Distillery Limited,235,1284.0,403636294.3
2026-09-22,1,HATHY,Hathway Investment Nepal Limited,9213,489.0,444044499.0
2026-09-18,20,NRN,NRN Infrastructure and Development Limited,2898,1450.0,74080738.3
2026-09-18,19,RADHI,Radhi Bidyut Company Ltd,2776,712.0,75207347.6
2026-09-18,18,CHDC,CEDB Holdings Limited,3946,2387.0,78215823.1
2026-09-18,17,MBL,Machhapuchhre Bank Limited,140,260.8,82983391.2
2026-09-18,16,API,Api Power Company Ltd.,697,336.0,89674920.5
2026-09-18,15,PHCL,Peoples Hydropower Company Limited,8133,322.5,101008861.1
2026-09-18,14,RIDI,Ridi Power Company Limited,610,347.0,112179085.5
2026-09-18,13,AKJCL,Ankhu Khola Jalvidhyut Company Ltd,2788,359.0,131547802.9
2026-09-18,12,HATHY,Hathway Investment Nepal Limited,9213,499.8,132368262.1
2026-09-18,11,NBL,Nepal Bank Limited,517,296.5,137760707.9
2026-09-18,10,RSML,Reliance Spinning Mills Limited,9306,2757.0,141538270.5
2026-09-18,9,SOHL,Solu Hydropower Limited,9311,665.0,144905437.2
2026-09-18,8,BPCL,Butwal Power Company Limited,153,698.0,149734659.7
2026-09-18,7,SHIVM,SHIVAM CEMENTS LTD,2809,688.0,178600802.6
2026-09-18,6,TAMOR,Sanima Middle Tamor Hydropower Limited,9156,547.9,210665464.2
2026-09-18,5,SBL,Siddhartha Bank Limited,145,447.9,217845486.1
2026-09-18,4,LEC,Liberty Energy Company Limited,2903,259.9,227960780.6
2026-09-18,3,GBIME,Global IME Bank Limited,341,260.9,232049614.3
2026-09-18,2,LSL,Laxmi Sunrise Bank Limited,141,246.4,271629217.4
2026-09-18,1,KBL,Kumari Bank Limited,142,227.0,321381025.1
2026-09-17,20,NBL,Nepal Bank Limited,517,288.5,56978758.8
2026-09-17,19,HDHPC,Himal Dolakha Hydropower Company Limited,2880,224.2,60160011.4
2026-09-17,18,GBIME,Global IME Bank Limited,341,258.2,65579565.8
2026-09-17,17,GBBL,Garima Bikas Bank Limited,417,453.0,65915542.6
2026-09-17,16,MEN,Mountain Energy Nepal Limited,2913,649.1,85915840.0
2026-09-17,15,CHDC,CEDB Holdings Limited,3946,2367.0,86354165.5
2026-09-17,14,LSL,Laxmi Sunrise Bank Limited,141,238.5,88232903.6
2026-09-17,13,HURJA,Himalaya Urja Bikas Company Limited,2824,266.9,92542453.3
2026-09-17,12,GHL,Ghalemdi Hydro Limited,2806,246.6,95488812.3
2026-09-17,11,TAMOR,Sanima Middle Tamor Hydropower Limited,9156,533.0,106388475.9
2026-09-17,10,LICN,Life Insurance Corporation (Nepal) Limited,188,806.0,111732497.5
2026-09-17,9,AKJCL,Ankhu Khola Jalvidhyut Company Ltd,2788,352.9,116705997.3
2026-09-17,8,API,Api Power Company Ltd.,697,335.6,118226234.0
2026-09-17,7,PHCL,Peoples Hydropower Company Limited,8133,323.0,122526768.7
2026-09-17,6,LEC,Liberty Energy Company Limited,2903,252.1,136892536.6
2026-09-17,5,NRN,NRN Infrastructure and Development Limited,2898,1455.0,145349361.4
2026-09-17,4,RSML,Reliance Spinning Mills Limited,9306,2745.0,171014716.0
2026-09-17,3,SOHL,Solu Hydropower Limited,9311,671.0,238480737.3
2026-09-17,2,SHIVM,SHIVAM CEMENTS LTD,2809,685.5,272676030.8
2026-09-17,1,SBL,Siddhartha Bank Limited,145,447.0,336219576.5
2026-09-16,20,SANIMA,Sanima Bank Limited,171,373.1,63881469.8
2026-09-16,19,BHL,Balephi Hydropower Limited,8055,216.1,64686899.0
2026-09-16,18,AKJCL,Ankhu Khola Jalvidhyut Company Ltd,2788,346.5,69723350.1
2026-09-16,17,SBL,Siddhartha Bank Limited,145,431.0,70965394.0
2026-09-16,16,LSL,Laxmi Sunrise Bank Limited,141,232.5,73274489.5
2026-09-16,15,KKHC,Khanikhola Hydropower Co. Ltd.,2751,288.0,73429239.6
2026-09-16,14,GBBL,Garima Bikas Bank Limited,417,453.3,75118552.5
2026-09-16,13,API,Api Power Company Ltd.,697,339.1,84917591.4
2026-09-16,12,KBL,Kumari Bank Limited,142,218.0,86833874.4
2026-09-16,11,RIDI,Ridi Power Company Limited,610,349.2,88383079.6
2026-09-16,10,MEN,Mountain Energy Nepal Limited,2913,652.7,97487575.5
2026-09-16,9,CHDC,CEDB Holdings Limited,3946,2368.0,114824674.9
2026-09-16,8,TAMOR,Sanima Middle Tamor Hydropower Limited,9156,526.1,120246184.2
2026-09-16,7,SSHL,Shiva Shree Hydropower Ltd,2907,212.0,120351408.8
2026-09-16,6,NRN,NRN Infrastructure and Development Limited,2898,1439.9,128238637.0
2026-09-16,5,LEC,Liberty Energy Company Limited,2903,250.0,146832688.3
2026-09-16,4,SOHL,Solu Hydropower Limited,9311,653.0,150792021.8
2026-09-16,3,SHIVM,SHIVAM CEMENTS LTD,2809,676.3,165709479.5
2026-09-16,2,RSML,Reliance Spinning Mills Limited,9306,2810.0,251011786.6
2026-09-16,1,HDHPC,Himal Dolakha Hydropower Company Limited,2880,228.0,379564213.9
2026-09-15,20,HDL,Himalayan Distillery Limited,235,1217.9,83137603.0
2026-09-15,19,SYPNL,SY Panel Nepal Limited,9303,1337.0,88663784.8
2026-09-15,18,KBL,Kumari Bank Limited,142,221.6,95120228.1
2026-09-15,17,SBL,Siddhartha Bank Limited,145,429.5,96676458.5
2026-09-15,16,CFCL,Central Finance Co. Ltd.,245,573.0,106452531.5
2026-09-15,15,MEN,Mountain Energy Nepal Limited,2913,651.0,108971422.8
2026-09-15,14,RIDI,Ridi Power Company Limited,610,355.0,113904309.2
2026-09-15,13,CHDC,CEDB Holdings Limited,3946,2318.0,115259596.7
2026-09-15,12,AKJCL,Ankhu Khola Jalvidhyut Company Ltd,2788,353.0,122416780.0
2026-09-15,11,SANIMA,Sanima Bank Limited,171,375.0,133555278.5
2026-09-15,10,GBBL,Garima Bikas Bank Limited,417,455.0,135068454.1
2026-09-15,9,NGPL,Ngadi Group Power Ltd.,2743,417.0,137126877.1
2026-09-15,8,SOHL,Solu Hydropower Limited,9311,654.0,162221644.0
2026-09-15,7,TAMOR,Sanima Middle Tamor Hydropower Limited,9156,527.0,174212641.3
2026-09-15,6,LSL,Laxmi Sunrise Bank Limited,141,236.3,195606898.3
2026-09-15,5,LEC,Liberty Energy Company Limited,2903,256.8,273332785.2
2026-09-15,4,NRN,NRN Infrastructure and Development Limited,2898,1468.0,282950618.8
2026-09-15,3,API,Api Power Company Ltd.,697,343.9,284415814.0
2026-09-15,2,SHIVM,SHIVAM CEMENTS LTD,2809,681.0,315697044.3
2026-09-15,1,RSML,Reliance Spinning Mills Limited,9306,2879.0,327007876.4
2026-09-14,20,HURJA,Himalaya Urja Bikas Company Limited,2824,252.0,54014416.5
2026-09-14,19,CFCL,Central Finance Co. Ltd.,245,573.9,56948091.0
2026-09-14,18,ALBSL,Asha Laghubitta Bittiya Sanstha Ltd,2807,1192.1,59520336.1
2026-09-14,17,SANIMA,Sanima Bank Limited,171,373.0,61338369.6
2026-09-14,16,SAPIL,Sarvottam Paints Industries Limited,9353,1444.0,61539747.3
2026-09-14,15,SBL,Siddhartha Bank Limited,145,422.0,65439000.7
2026-09-14,14,MEN,Mountain Energy Nepal Limited,2913,646.9,68830938.7
2026-09-14,13,AKJCL,Ankhu Khola Jalvidhyut Company Ltd,2788,343.9,68861180.2
2026-09-14,12,HDL,Himalayan Distillery Limited,235,1201.0,71810807.9
2026-09-14,11,GHL,Ghalemdi Hydro Limited,2806,244.9,80120320.9
2026-09-14,10,GBBL,Garima Bikas Bank Limited,417,446.0,87378048.9
2026-09-14,9,LSL,Laxmi Sunrise Bank Limited,141,229.4,90718321.1
2026-09-14,8,SOHL,Solu Hydropower Limited,9311,655.0,103278856.6
2026-09-14,7,SHIVM,SHIVAM CEMENTS LTD,2809,670.0,105980691.1
2026-09-14,6,RIDI,Ridi Power Company Limited,610,350.0,127823345.4
2026-09-14,5,API,Api Power Company Ltd.,697,340.0,177766607.9
2026-09-14,4,RSML,Reliance Spinning Mills Limited,9306,2936.0,177960940.5
2026-09-14,3,TAMOR,Sanima Middle Tamor Hydropower Limited,9156,516.9,203841851.9
2026-09-14,2,LEC,Liberty Energy Company Limited,2903,250.0,238405788.3
2026-09-14,1,NRN,NRN Infrastructure and Development Limited,2898,1448.0,249074187.6
2026-09-11,20,GHL,Ghalemdi Hydro Limited,2806,239.9,49417947.5
2026-09-11,19,MEN,Mountain Energy Nepal Limited,2913,640.0,51624447.3
2026-09-11,18,BHL,Balephi Hydropower Limited,8055,211.5,53604732.9
2026-09-11,17,SINDU,Sindhu Bikash Bank Ltd,561,394.0,54970441.1
2026-09-11,16,HDHPC,Himal Dolakha Hydropower Company Limited,2880,213.8,62009321.5
2026-09-11,15,SAHAS,Sahas Urja Limited,8021,691.0,62325794.9
2026-09-11,14,SHIVM,SHIVAM CEMENTS LTD,2809,663.0,69234644.8
2026-09-11,13,SAPIL,Sarvottam Paints Industries Limited,9353,1370.0,71141539.3
2026-09-11,12,TAMOR,Sanima Middle Tamor Hydropower Limited,9156,497.0,73360501.4
2026-09-11,11,ALBSL,Asha Laghubitta Bittiya Sanstha Ltd,2807,1156.0,73414341.1
2026-09-11,10,API,Api Power Company Ltd.,697,334.7,75556799.9
2026-09-11,9,NHPC,National Hydro Power Company Limited,152,264.6,76061365.8
2026-09-11,8,AKJCL,Ankhu Khola Jalvidhyut Company Ltd,2788,339.8,81207023.0
2026-09-11,7,SANIMA,Sanima Bank Limited,171,370.0,87891602.9
2026-09-11,6,RIDI,Ridi Power Company Limited,610,351.0,87970054.4
2026-09-11,5,SSHL,Shiva Shree Hydropower Ltd,2907,212.3,124091535.0
2026-09-11,4,SOHL,Solu Hydropower Limited,9311,654.0,124479655.2
2026-09-11,3,RSML,Reliance Spinning Mills Limited,9306,2930.0,147953071.3
2026-09-11,2,NRN,NRN Infrastructure and Development Limited,2898,1439.0,185101897.2
2026-09-11,1,LEC,Liberty Energy Company Limited,2903,252.2,366655193.3
2026-09-10,20,SAIL,Shreenagar Agritech Industries Limited,9301,999.0,47356309.6
2026-09-10,19,CFCL,Central Finance Co. Ltd.,245,586.0,47833562.3
2026-09-10,18,MEN,Mountain Energy Nepal Limited,2913,636.0,49384199.6
2026-09-10,17,SHL,Soaltee Hotel Limited,147,501.9,50460400.4
2026-09-10,16,MAKAR,Makar Jitumaya Suri Hydropower Limited,9166,400.0,51800150.9
2026-09-10,15,SAPIL,Sarvottam Paints Industries Limited,9353,1268.0,51905553.5
2026-09-10,14,AKJCL,Ankhu Khola Jalvidhyut Company Ltd,2788,332.1,52357082.1
2026-09-10,13,GBIME,Global IME Bank Limited,341,248.6,55162131.0
2026-09-10,12,API,Api Power Company Ltd.,697,326.0,55189159.4
2026-09-10,11,KDL,Kalinchowk Darshan Limited,9151,620.3,64647653.4
2026-09-10,10,SHIVM,SHIVAM CEMENTS LTD,2809,653.6,65476402.3
2026-09-10,9,SYPNL,SY Panel Nepal Limited,9303,1321.0,67310345.1
2026-09-10,8,TAMOR,Sanima Middle Tamor Hydropower Limited,9156,489.0,73678729.6
2026-09-10,7,GBBL,Garima Bikas Bank Limited,417,440.6,80778042.8
2026-09-10,6,SOHL,Solu Hydropower Limited,9311,640.0,82255027.0
2026-09-10,5,RIDI,Ridi Power Company Limited,610,346.8,113544941.9
2026-09-10,4,SBI,Nepal SBI Bank Limited,135,403.9,167934134.9
2026-09-10,3,NRN,NRN Infrastructure and Development Limited,2898,1419.0,191155095.7
2026-09-10,2,RSML,Reliance Spinning Mills Limited,9306,2910.0,211267268.2
2026-09-10,1,LEC,Liberty Energy Company Limited,2903,246.1,454888630.7
2026-09-09,20,NGPL,Ngadi Group Power Ltd.,2743,392.9,39221831.2
2026-09-09,19,SAIL,Shreenagar Agritech Industries Limited,9301,1027.0,39673285.7
2026-09-09,18,SHPC,Sanima Mai Hydropower Ltd.,591,513.0,40462230.3
2026-09-09,17,SMHL,Super Madi Hydropower Limited,9146,467.0,43006974.5
2026-09-09,16,MEN,Mountain Energy Nepal Limited,2913,633.1,48727151.3
2026-09-09,15,SBL,Siddhartha Bank Limited,145,425.0,48728938.4
2026-09-09,14,SAHAS,Sahas Urja Limited,8021,692.0,53800172.4
2026-09-09,13,MNBBL,Muktinath Bikas Bank Ltd.,474,318.4,67935725.8
2026-09-09,12,AKJCL,Ankhu Khola Jalvidhyut Company Ltd,2788,338.0,83856732.9
2026-09-09,11,KDL,Kalinchowk Darshan Limited,9151,623.2,84377980.9
2026-09-09,10,GBBL,Garima Bikas Bank Limited,417,444.0,85389111.1
2026-09-09,9,RIDI,Ridi Power Company Limited,610,347.9,100356578.0
2026-09-09,8,SYPNL,SY Panel Nepal Limited,9303,1327.0,102143787.2
2026-09-09,7,ENL,Emerging Nepal Limited,8034,587.9,104361706.1
2026-09-09,6,TAMOR,Sanima Middle Tamor Hydropower Limited,9156,493.1,132193927.3
2026-09-09,5,SHIVM,SHIVAM CEMENTS LTD,2809,662.6,134606507.5
2026-09-09,4,SOHL,Solu Hydropower Limited,9311,650.0,145720929.9
2026-09-09,3,NRN,NRN Infrastructure and Development Limited,2898,1405.0,166732491.1
2026-09-09,2,CFCL,Central Finance Co. Ltd.,245,561.0,171132354.4
2026-09-09,1,RSML,Reliance Spinning Mills Limited,9306,2993.0,427674194.4
2026-09-07,20,KKHC,Khanikhola Hydropower Co. Ltd.,2751,267.9,41316952.7
2026-09-07,19,SONA,Sonapur Minerals And Oil Limited,9216,398.0,43138690.9
2026-09-07,18,MEN,Mountain Energy Nepal Limited,2913,630.0,43694961.3
2026-09-07,17,SAHAS,Sahas Urja Limited,8021,694.0,50038731.0
2026-09-07,16,BHCL,Bikash Hydropower Company Limited,9267,542.9,53699934.7
2026-09-07,15,CFCL,Central Finance Co. Ltd.,245,595.0,54067493.0
2026-09-07,14,NRN,NRN Infrastructure and Development Limited,2898,1400.0,56200493.2
2026-09-07,13,TAMOR,Sanima Middle Tamor Hydropower Limited,9156,497.1,56343568.5
2026-09-07,12,API,Api Power Company Ltd.,697,329.0,56724828.9
2026-09-07,11,EDBL,Excel Development Bank Ltd.,274,575.0,60354213.1
2026-09-07,10,SAIL,Shreenagar Agritech Industries Limited,9301,1056.2,61447344.8
2026-09-07,9,SBL,Siddhartha Bank Limited,145,421.5,64990176.7
2026-09-07,8,NABIL,Nabil Bank Limited,131,552.5,69700456.0
2026-09-07,7,RIDI,Ridi Power Company Limited,610,347.7,80798176.0
2026-09-07,6,SHIVM,SHIVAM CEMENTS LTD,2809,664.2,85396612.6
2026-09-07,5,SMHL,Super Madi Hydropower Limited,9146,527.0,101973906.4
2026-09-07,4,SYPNL,SY Panel Nepal Limited,9303,1344.0,134435209.6
2026-09-07,3,SOHL,Solu Hydropower Limited,9311,654.0,162707708.2
2026-09-07,2,GBBL,Garima Bikas Bank Limited,417,447.0,178811388.4
2026-09-07,1,RSML,Reliance Spinning Mills Limited,9306,2940.0,252166122.5
2026-09-03,20,API,Api Power Company Ltd.,697,326.1,37607744.3
2026-09-03,19,SAHAS,Sahas Urja Limited,8021,686.9,37895482.1
2026-09-03,18,SAPIL,Sarvottam Paints Industries Limited,9353,1210.0,42008341.4
2026-09-03,17,MAKAR,Makar Jitumaya Suri Hydropower Limited,9166,406.5,42381542.3
2026-09-03,16,H8020,Himalayan 80-20,9221,12.0,44252744.11
2026-09-03,15,NGPL,Ngadi Group Power Ltd.,2743,388.0,48511316.2
2026-09-03,14,CHCL,Chilime Hydropower Company Limited,154,370.2,50962073.7
2026-09-03,13,NRN,NRN Infrastructure and Development Limited,2898,1391.0,54158523.0
2026-09-03,12,CFCL,Central Finance Co. Ltd.,245,598.4,68158258.6
2026-09-03,11,UMHL,United Modi Hydropower Ltd.,2760,562.4,74596840.0
2026-09-03,10,SYPNL,SY Panel Nepal Limited,9303,1281.0,75651849.4
2026-09-03,9,GBBL,Garima Bikas Bank Limited,417,436.3,86002303.7
2026-09-03,8,SMHL,Super Madi Hydropower Limited,9146,527.0,89040272.9
2026-09-03,7,RIDI,Ridi Power Company Limited,610,344.0,94660109.6
2026-09-03,6,AKJCL,Ankhu Khola Jalvidhyut Company Ltd,2788,340.3,96217298.5
2026-09-03,5,MEN,Mountain Energy Nepal Limited,2913,627.1,99625473.5
2026-09-03,4,SHIVM,SHIVAM CEMENTS LTD,2809,661.0,115080649.8
2026-09-03,3,SOHL,Solu Hydropower Limited,9311,650.5,128695495.8
2026-09-03,2,TAMOR,Sanima Middle Tamor Hydropower Limited,9156,503.0,133288863.4
2026-09-03,1,RSML,Reliance Spinning Mills Limited,9306,2830.0,409088927.1
2026-09-02,20,UHEWA,Upper Hewakhola Hydropower Company Limited,8099,595.0,29085558.2
2026-09-02,19,SHPC,Sanima Mai Hydropower Ltd.,591,504.9,29112319.1
2026-09-02,18,SAPIL,Sarvottam Paints Industries Limited,9353,1230.0,33440363.0
2026-09-02,17,MAKAR,Makar Jitumaya Suri Hydropower Limited,9166,404.1,36650290.7
2026-09-02,16,SYPNL,SY Panel Nepal Limited,9303,1279.5,37188740.7
2026-09-02,15,KSBBL,Kamana Sewa Bikas Bank Limited,459,480.0,44862747.3
2026-09-02,14,RADHI,Radhi Bidyut Company Ltd,2776,675.0,53793706.0
2026-09-02,13,CHCL,Chilime Hydropower Company Limited,154,377.0,58555074.3
2026-09-02,12,AKJCL,Ankhu Khola Jalvidhyut Company Ltd,2788,344.3,60414425.1
2026-09-02,11,RHPL,RASUWAGADHI HYDROPOWER COMPANY LIMITED,2841,178.8,68242100.5
2026-09-02,10,RSML,Reliance Spinning Mills Limited,9306,2695.0,74865385.8
2026-09-02,9,SMHL,Super Madi Hydropower Limited,9146,538.0,86098822.5
2026-09-02,8,GBIME,Global IME Bank Limited,341,249.9,90753004.7
2026-09-02,7,CFCL,Central Finance Co. Ltd.,245,635.0,91484132.7
2026-09-02,6,RIDI,Ridi Power Company Limited,610,352.0,96037804.5
2026-09-02,5,SAHAS,Sahas Urja Limited,8021,688.3,99580663.7
2026-09-02,4,SHIVM,SHIVAM CEMENTS LTD,2809,658.0,108967119.8
2026-09-02,3,SOHL,Solu Hydropower Limited,9311,663.0,121467625.0
2026-09-02,2,NRN,NRN Infrastructure and Development Limited,2898,1410.0,126463024.0
2026-09-02,1,TAMOR,Sanima Middle Tamor Hydropower Limited,9156,504.0,141785954.9
2026-09-01,20,UHEWA,Upper Hewakhola Hydropower Company Limited,8099,594.0,29363089.1
2026-09-01,19,NRIC,Nepal Reinsurance Company Limited,2881,795.0,31928477.5
2026-09-01,18,NHPC,National Hydro Power Company Limited,152,251.8,38241315.7
2026-09-01,17,API,Api Power Company Ltd.,697,325.6,38751793.3
2026-09-01,16,SMHL,Super Madi Hydropower Limited,9146,527.0,39653431.4
2026-09-01,15,SYPNL,SY Panel Nepal Limited,9303,1260.1,40095313.8
2026-09-01,14,NRN,NRN Infrastructure and Development Limited,2898,1363.0,40673707.2
2026-09-01,13,SHPC,Sanima Mai Hydropower Ltd.,591,497.9,42176938.8
2026-09-01,12,RHPL,RASUWAGADHI HYDROPOWER COMPANY LIMITED,2841,168.7,44939235.4
2026-09-01,11,SANIMA,Sanima Bank Limited,171,358.0,47190520.7
2026-09-01,10,SBL,Siddhartha Bank Limited,145,407.7,48578160.9
2026-09-01,9,SAHAS,Sahas Urja Limited,8021,685.0,55461193.6
2026-09-01,8,RSML,Reliance Spinning Mills Limited,9306,2718.0,62455325.2
2026-09-01,7,SAPIL,Sarvottam Paints Industries Limited,9353,1253.0,64852198.5
2026-09-01,6,CHCL,Chilime Hydropower Company Limited,154,372.0,73487087.8
2026-09-01,5,TAMOR,Sanima Middle Tamor Hydropower Limited,9156,495.0,90832498.5
2026-09-01,4,RIDI,Ridi Power Company Limited,610,347.7,91345861.7
2026-09-01,3,AKJCL,Ankhu Khola Jalvidhyut Company Ltd,2788,342.6,103623644.1
2026-09-01,2,SHIVM,SHIVAM CEMENTS LTD,2809,654.0,136398370.8
2026-09-01,1,SOHL,Solu Hydropower Limited,9311,659.0,138279062.6
2026-08-31,20,TAMOR,Sanima Middle Tamor Hydropower Limited,9156,480.0,43445609.2
2026-08-31,19,MEN,Mountain Energy Nepal Limited,2913,614.4,44182728.6
2026-08-31,18,NRIC,Nepal Reinsurance Company Limited,2881,793.0,44840308.0
2026-08-31,17,AKJCL,Ankhu Khola Jalvidhyut Company Ltd,2788,336.9,45798901.0
2026-08-31,16,SMHL,Super Madi Hydropower Limited,9146,525.0,48487962.3
2026-08-31,15,SOHL,Solu Hydropower Limited,9311,648.0,49150788.8
2026-08-31,14,HRL,Himalayan Reinsurance Limited,9234,515.0,49318241.6
2026-08-31,13,UMHL,United Modi Hydropower Ltd.,2760,558.0,51372671.2
2026-08-31,12,SANIMA,Sanima Bank Limited,171,359.0,59822966.2
2026-08-31,11,RHPL,RASUWAGADHI HYDROPOWER COMPANY LIMITED,2841,165.9,64077632.3
2026-08-31,10,PCIL,Palpa Cement Industries Limited,9330,646.0,67659854.0
2026-08-31,9,GCIL,Ghorahi Cement Industry Limited,9193,398.0,67748577.2
2026-08-31,8,RIDI,Ridi Power Company Limited,610,339.5,72671163.8
2026-08-31,7,SONA,Sonapur Minerals And Oil Limited,9216,416.9,78494404.4
2026-08-31,6,SAHAS,Sahas Urja Limited,8021,670.9,85125527.5
2026-08-31,5,SYPNL,SY Panel Nepal Limited,9303,1293.0,110549611.2
2026-08-31,4,CHCL,Chilime Hydropower Company Limited,154,362.5,120866483.8
2026-08-31,3,RSML,Reliance Spinning Mills Limited,9306,2724.0,121431587.8
2026-08-31,2,SAPIL,Sarvottam Paints Industries Limited,9353,1276.0,159195100.8
2026-08-31,1,SHIVM,SHIVAM CEMENTS LTD,2809,664.0,263878882.5
2026-08-27,20,NRN,NRN Infrastructure and Development Limited,2898,1349.5,43674760.8
2026-08-27,19,NHPC,National Hydro Power Company Limited,152,254.6,47887069.5
2026-08-27,18,KBL,Kumari Bank Limited,142,212.0,48553965.7
2026-08-27,17,SYPNL,SY Panel Nepal Limited,9303,1244.3,53919082.7
2026-08-27,16,GCIL,Ghorahi Cement Industry Limited,9193,370.0,54447734.4
2026-08-27,15,GBIME,Global IME Bank Limited,341,242.0,56980264.7
2026-08-27,14,BHCL,Bikash Hydropower Company Limited,9267,555.0,57461951.4
2026-08-27,13,API,Api Power Company Ltd.,697,325.9,57620543.1
2026-08-27,12,TAMOR,Sanima Middle Tamor Hydropower Limited,9156,482.0,59125162.4
2026-08-27,11,SONA,Sonapur Minerals And Oil Limited,9216,408.0,62793659.8
2026-08-27,10,SAHAS,Sahas Urja Limited,8021,682.0,64067269.2
2026-08-27,9,MAKAR,Makar Jitumaya Suri Hydropower Limited,9166,401.0,71660890.3
2026-08-27,8,RHPL,RASUWAGADHI HYDROPOWER COMPANY LIMITED,2841,188.0,77014436.2
2026-08-27,7,RIDI,Ridi Power Company Limited,610,345.9,91560895.4
2026-08-27,6,SOHL,Solu Hydropower Limited,9311,660.0,106615018.5
2026-08-27,5,RSML,Reliance Spinning Mills Limited,9306,2728.0,109722028.6
2026-08-27,4,AKJCL,Ankhu Khola Jalvidhyut Company Ltd,2788,343.0,116168313.7
2026-08-27,3,CHCL,Chilime Hydropower Company Limited,154,405.0,160738793.2
2026-08-27,2,SBI,Nepal SBI Bank Limited,135,400.0,166609173.0
2026-08-27,1,SHIVM,SHIVAM CEMENTS LTD,2809,650.0,217591632.2
2026-08-26,20,KKHC,Khanikhola Hydropower Co. Ltd.,2751,266.9,51756748.4
2026-08-26,19,SJCL,SANJEN JALAVIDHYUT COMPANY LIMITED,2842,231.9,53891256.3
2026-08-26,18,API,Api Power Company Ltd.,697,327.5,54811918.7
2026-08-26,17,MEN,Mountain Energy Nepal Limited,2913,615.0,55719252.2
2026-08-26,16,UHEWA,Upper Hewakhola Hydropower Company Limited,8099,667.0,57078959.9
2026-08-26,15,JBBL,Jyoti Bikas Bank Limited,418,332.0,62267455.7
2026-08-26,14,RADHI,Radhi Bidyut Company Ltd,2776,688.0,65529541.0
2026-08-26,13,SHIVM,SHIVAM CEMENTS LTD,2809,624.0,66863149.8
2026-08-26,12,RSML,Reliance Spinning Mills Limited,9306,2706.0,67542662.9
2026-08-26,11,SHPC,Sanima Mai Hydropower Ltd.,591,499.0,71582928.8
2026-08-26,10,NGPL,Ngadi Group Power Ltd.,2743,396.9,71590913.5
2026-08-26,9,NHPC,National Hydro Power Company Limited,152,250.0,83411632.0
2026-08-26,8,SMHL,Super Madi Hydropower Limited,9146,518.0,89253483.8
2026-08-26,7,AKJCL,Ankhu Khola Jalvidhyut Company Ltd,2788,338.0,92353559.1
2026-08-26,6,RHPL,RASUWAGADHI HYDROPOWER COMPANY LIMITED,2841,205.2,118824706.8
2026-08-26,5,RIDI,Ridi Power Company Limited,610,343.0,120287283.3
2026-08-26,4,SOHL,Solu Hydropower Limited,9311,663.9,158312970.5
2026-08-26,3,SAHAS,Sahas Urja Limited,8021,681.9,161366948.3
2026-08-26,2,TAMOR,Sanima Middle Tamor Hydropower Limited,9156,480.0,193282109.8
2026-08-26,1,CHCL,Chilime Hydropower Company Limited,154,427.0,205686862.6
2026-08-25,20,SHPC,Sanima Mai Hydropower Ltd.,591,514.0,35662296.1
2026-08-25,19,CHDC,CEDB Holdings Limited,3946,2196.9,35845695.2
2026-08-25,18,HPPL,Himalayan Power Partner Ltd.,2767,378.0,37622589.0
2026-08-25,17,CORBL,Corporate Development Bank Limited,450,907.9,40005083.6
2026-08-25,16,NRN,NRN Infrastructure and Development Limited,2898,1359.0,41836681.3
2026-08-25,15,BHCL,Bikash Hydropower Company Limited,9267,553.0,43130889.7
2026-08-25,14,CYCL,CYC Nepal Laghubitta Bittiya Sanstha Limited,8065,1596.0,47339916.7
2026-08-25,13,SYPNL,SY Panel Nepal Limited,9303,1241.9,48401085.7
2026-08-25,12,SAHAS,Sahas Urja Limited,8021,685.0,49301264.6
2026-08-25,11,NGPL,Ngadi Group Power Ltd.,2743,404.0,50271609.6
2026-08-25,10,SHIVM,SHIVAM CEMENTS LTD,2809,621.4,50583296.7
2026-08-25,9,SANIMA,Sanima Bank Limited,171,370.7,73455482.7
2026-08-25,8,TAMOR,Sanima Middle Tamor Hydropower Limited,9156,480.4,77296771.0
2026-08-25,7,CGH,Chandragiri Hills Limited,2917,775.0,77419721.2
2026-08-25,6,AKJCL,Ankhu Khola Jalvidhyut Company Ltd,2788,347.1,97961677.5
2026-08-25,5,RIDI,Ridi Power Company Limited,610,351.9,122513989.5
2026-08-25,4,SMHL,Super Madi Hydropower Limited,9146,524.8,128576467.3
2026-08-25,3,SOHL,Solu Hydropower Limited,9311,679.0,137605652.2
2026-08-25,2,RSML,Reliance Spinning Mills Limited,9306,2727.0,177168694.1
2026-08-25,1,MAKAR,Makar Jitumaya Suri Hydropower Limited,9166,439.0,900797028.2
2026-08-24,20,PPCL,Panchthar Power Compant Limited,2813,331.0,32134313.9
2026-08-24,19,RADHI,Radhi Bidyut Company Ltd,2776,703.9,35057562.2
2026-08-24,18,LEC,Liberty Energy Company Limited,2903,213.9,36051554.0
2026-08-24,17,NRN,NRN Infrastructure and Development Limited,2898,1363.5,37922455.0
2026-08-24,16,UHEWA,Upper Hewakhola Hydropower Company Limited,8099,600.0,39572522.6
2026-08-24,15,NGPL,Ngadi Group Power Ltd.,2743,403.2,42777650.4
2026-08-24,14,CYCL,CYC Nepal Laghubitta Bittiya Sanstha Limited,8065,1600.0,42853288.2
2026-08-24,13,API,Api Power Company Ltd.,697,331.0,45477551.4
2026-08-24,12,SGHL,Sanigad Hydro Limited,9345,511.0,45631273.3
2026-08-24,11,KKHC,Khanikhola Hydropower Co. Ltd.,2751,278.9,45743859.1
2026-08-24,10,SHPC,Sanima Mai Hydropower Ltd.,591,514.2,52554171.8
2026-08-24,9,MEN,Mountain Energy Nepal Limited,2913,619.1,53380039.2
2026-08-24,8,AKJCL,Ankhu Khola Jalvidhyut Company Ltd,2788,346.0,54541387.0
2026-08-24,7,MEPDL,Mount Everest Power Development Limited,9352,713.9,55903196.6
2026-08-24,6,TAMOR,Sanima Middle Tamor Hydropower Limited,9156,478.0,68647086.9
2026-08-24,5,EDBL,Excel Development Bank Ltd.,274,583.0,75679140.7
2026-08-24,4,RIDI,Ridi Power Company Limited,610,357.0,94037412.6
2026-08-24,3,SAHAS,Sahas Urja Limited,8021,684.0,106521810.3
2026-08-24,2,SOHL,Solu Hydropower Limited,9311,678.9,118847526.5
2026-08-24,1,RSML,Reliance Spinning Mills Limited,9306,2728.0,127282070.9
2026-08-21,20,BHCL,Bikash Hydropower Company Limited,9267,541.0,43054335.9
2026-08-21,19,LEC,Liberty Energy Company Limited,2903,217.3,43356890.4
2026-08-21,18,HPPL,Himalayan Power Partner Ltd.,2767,380.0,43765211.5
2026-08-21,17,NGPL,Ngadi Group Power Ltd.,2743,407.0,46755617.8
2026-08-21,16,SBL,Siddhartha Bank Limited,145,414.0,47773206.2
2026-08-21,15,KKHC,Khanikhola Hydropower Co. Ltd.,2751,269.9,49383659.0
2026-08-21,14,UHEWA,Upper Hewakhola Hydropower Company Limited,8099,607.3,53045702.1
2026-08-21,13,NHPC,National Hydro Power Company Limited,152,265.8,53808051.8
2026-08-21,12,BPCL,Butwal Power Company Limited,153,660.0,56666385.9
2026-08-21,11,SMHL,Super Madi Hydropower Limited,9146,517.0,87836648.1
2026-08-21,10,NRN,NRN Infrastructure and Development Limited,2898,1375.0,90172031.9
2026-08-21,9,MEPDL,Mount Everest Power Development Limited,9352,774.0,102270420.0
2026-08-21,8,AKJCL,Ankhu Khola Jalvidhyut Company Ltd,2788,348.9,106777890.9
2026-08-21,7,SAHAS,Sahas Urja Limited,8021,695.0,113915780.7
2026-08-21,6,MEN,Mountain Energy Nepal Limited,2913,626.3,114645013.1
2026-08-21,5,TAMOR,Sanima Middle Tamor Hydropower Limited,9156,484.7,130533921.7
2026-08-21,4,SHPC,Sanima Mai Hydropower Ltd.,591,527.2,184144159.5
2026-08-21,3,RIDI,Ridi Power Company Limited,610,359.9,186768012.2
2026-08-21,2,SOHL,Solu Hydropower Limited,9311,686.0,245369420.7
2026-08-21,1,RSML,Reliance Spinning Mills Limited,9306,2775.0,263730636.8
